구명,서비스_업종_코드_명,매출_20대,매출_30대,매출_40대,매출_50대,매출_60대이상
강남구,분식전문점,69514618.66304348,133229590.05978261,151627672.0271739,124382189.125,69599048.36956522
강남구,양식음식점,203924310.96842104,442444570.1631579,296783047.4368421,205541985.84210527,111345901.9736842
강남구,일식음식점,132235966.32820512,275310187.1128205,174295970.52820513,121877555.78974359,81436518.06666666
강남구,중식음식점,158222355.36774194,265352994.81290323,203450315.08387098,164915605.1032258,114374885.17419355
강남구,치킨전문점,25239160.762962963,58428338.46666667,62411233.20740741,56771241.31851852,28448390.407407407
강남구,커피-음료,198382266.61488673,363695662.8317152,244451229.7669903,167217298.47249192,86705572.58899677
강남구,패스트푸드점,59805038.68874172,103003573.06622517,96325467.74172185,72242121.41059603,31152809.827814568
강남구,한식음식점,416883510.6466877,1014127373.2082019,846829824.6876972,721398025.3722397,581255705.3817035
강동구,분식전문점,45941992.488372095,82453002.08527131,148254177.17054263,108158106.14728682,71268079.04651164
강동구,양식음식점,98189235.44186047,146553618.09302327,120522419.69767442,106050653.41860466,62258656.093023255
강동구,일식음식점,68590862.88679245,116940700.4528302,105162138.81132075,83433911.47169812,63863486.9245283
강동구,중식음식점,19915690.987951808,46520014.1686747,42414312.77108434,36313925.638554215,29366444.180722892
강동구,치킨전문점,11645802.445544554,22558261.12871287,28719155.207920793,31584919.742574256,25161011.07920792
강동구,커피-음료,42997099.26630435,77505361.7771739,66764847.125,55657414.42934783,42711884.88586956
강동구,패스트푸드점,42114888.60273973,86639620.5890411,78631525.50684932,59653831.10958904,33217100.369863015
강동구,한식음식점,149433964.2857143,368366206.42410713,409187294.35714287,452172688.98214287,493575129.8035714
강북구,분식전문점,12776361.163636364,22313094.79090909,31069249.227272727,42667162.054545455,34511665.554545455
강북구,양식음식점,32083550.083333332,63804816.916666664,85766778.5,57040402.416666664,22782548.0
강북구,일식음식점,73697928.05555555,91530692.33333333,70891502.66666667,70620242.5,47712993.55555555
강북구,중식음식점,18266485.472222224,25853476.111111112,30848756.055555556,30983320.25,28365190.333333332
강북구,치킨전문점,8248034.461538462,15679791.876923077,18111287.83076923,22208061.63076923,16306632.846153846
강북구,커피-음료,30616477.25984252,39032025.68503937,31575990.409448817,36227237.65354331,26920915.31496063
강북구,패스트푸드점,40884033.03030303,51731050.57575758,44690345.36363637,40077289.333333336,21993448.363636363
강북구,한식음식점,128265555.4906542,231881391.95794392,240279923.49532712,314582400.14953274,322311383.92523366
강서구,분식전문점,21770010.12857143,44149955.942857146,48171725.442857146,47462554.99285714,36680835.08571429
강서구,양식음식점,16167347.166666666,53982191.833333336,58210336.666666664,28297329.833333332,12372906.555555556
강서구,일식음식점,39423199.743589744,77266184.8974359,57038447.102564104,49997993.179487176,40461962.84615385
강서구,중식음식점,18977709.346153848,44071467.20512821,48535605.961538464,39346301.93589743,27957483.423076924
강서구,치킨전문점,11676935.846153846,22845306.067307692,25061846.028846152,27351871.41346154,18282023.923076924
강서구,커피-음료,39080955.473684214,64227353.81871345,46695275.69005848,37548134.7251462,25466807.16374269
강서구,패스트푸드점,31978018.155172415,57140889.051724136,43443595.948275864,36869057.53448276,21959915.03448276
강서구,한식음식점,142170936.21673003,357044871.3460076,337011591.37262356,335709329.4144487,330152372.15589356
관악구,분식전문점,36906883.644295305,52359245.536912754,35822900.51006711,36510958.134228185,24127889.161073826
관악구,양식음식점,137966581.875,143271986.0,59861426.8125,54610754.03125,17733292.28125
관악구,일식음식점,122368270.90384616,124880132.21153846,58705153.25,63211757.48076923,35520343.98076923
관악구,중식음식점,39071339.85915493,45613046.042253524,27568096.61971831,32658210.492957745,20473675.070422534
관악구,치킨전문점,14994692.408163264,21700778.612244897,16670436.357142856,20961001.653061226,15199724.31632653
관악구,커피-음료,72554535.25925925,81767998.13580246,39234641.54938272,35440324.60493827,26469310.666666668
관악구,패스트푸드점,60030140.916666664,71279944.86666666,38198689.733333334,37603862.78333333,20717429.933333334
관악구,한식음식점,222522091.9809886,326546100.6958175,202864893.41825095,252333830.41064638,260721007.28136882
광진구,분식전문점,43828428.17164179,51871058.13432836,47461646.61940298,43152082.41044776,27470708.08955224
광진구,양식음식점,66997314.384615384,65727361.07692308,54355096.75,40437255.134615384,23508003.365384616
광진구,일식음식점,115514076.60869566,104412559.43478261,61495566.06521739,58725898.63043478,37049939.32608695
광진구,중식음식점,161568142.74603173,142573723.74603173,84965940.92063493,75492980.06349206,41555030.634920634
광진구,치킨전문점,24182500.197802197,23847181.945054945,15629231.626373626,19414093.076923076,13280660.274725275
광진구,커피-음료,108369607.69662921,95009290.36516854,60405227.359550565,60799779.73595506,38820870.81460674
광진구,패스트푸드점,55493754.81081081,46155879.66216216,32170477.391891893,31672847.93243243,15386512.635135135
광진구,한식음식점,304697326.646789,396554250.39908254,293609437.5229358,353965464.24311924,340662960.9495413
구로구,분식전문점,33870240.905172415,64034277.50862069,57331807.24137931,54168170.3362069,35797939.37931035
구로구,양식음식점,30078289.620689657,68920463.62068966,46841474.79310345,25704650.724137932,14988903.72413793
구로구,일식음식점,69159940.53488372,126040583.44186047,86795492.95348836,63521340.20930233,49729474.674418606
구로구,중식음식점,41078669.794117644,89025299.9509804,80208326.47058824,82533810.31372549,60500425.950980395
구로구,치킨전문점,9953334.746666666,20722160.493333332,22441531.213333335,27516209.69333333,20501452.68
구로구,커피-음료,55262041.92805755,99345086.10791367,66906435.83453237,50257509.76258993,32606588.65467626
구로구,패스트푸드점,85004624.296875,143085462.859375,79519158.609375,50262251.640625,29277423.625
구로구,한식음식점,182808035.72429907,399572764.8785047,320622748.86915886,364008691.8551402,374578200.92523366
금천구,분식전문점,36743647.64285714,76004816.2244898,63201468.12244898,62200276.67346939,35697885.591836736
금천구,양식음식점,130979700.5,287474100.25,245994852.75,141211288.875,57557737.875
금천구,일식음식점,125260033.94117647,238776829.70588234,140016036.05882353,102603698.41176471,53364795.0
금천구,중식음식점,51689497.71014493,111839000.79710145,87503659.79710145,78290281.71014492,49288386.56521739
금천구,치킨전문점,14767408.563380282,30524289.366197184,27958182.690140843,32191558.169014085,19870920.38028169
금천구,커피-음료,80935705.2347826,164350701.67826086,105675166.93043478,76281769.36521739,38718550.80869565
금천구,패스트푸드점,49062272.075,96830823.975,52880952.475,40505109.325,21002209.675
금천구,한식음식점,175268010.2797619,394106176.0952381,337916426.26785713,392832646.4166667,368908831.0119048
노원구,분식전문점,27144360.11403509,39164988.4122807,57033508.298245616,59820564.868421055,32679107.03508772
노원구,양식음식점,68879541.15151516,141238036.3939394,207546603.27272728,147087180.3939394,50632589.96969697
노원구,일식음식점,43802377.64864865,58847231.10810811,65799805.216216214,64010389.94594595,39285038.567567565
노원구,중식음식점,24860550.685714286,32231141.457142856,39716849.64285714,39491328.17142857,27982926.35714286
노원구,치킨전문점,22143012.377777778,26137939.266666666,33800113.277777776,39624583.244444445,23110560.666666668
노원구,커피-음료,90852858.86290322,96199370.33064516,81658006.67741935,80214558.77419356,47711988.98387097
노원구,패스트푸드점,46562881.80327869,58488420.40983607,59825592.18032787,54375025.885245904,23996705.540983606
노원구,한식음식점,274981630.7867647,426508392.2058824,480196479.625,609286001.1691177,571431728.4117647
도봉구,분식전문점,17008737.489130434,32925635.532608695,41554199.18478261,49783224.93478261,39608858.63043478
도봉구,양식음식점,21488137.75,11303939.375,12538392.5,14742684.5,5977246.125
도봉구,일식음식점,28967135.43478261,46588403.04347826,45138237.69565217,56932176.73913044,56869436.17391305
도봉구,중식음식점,14096633.365853658,22960435.585365854,34463813.780487806,41879459.09756097,35202692.0
도봉구,치킨전문점,7185377.9130434785,13144434.942028986,17338226.217391305,22895992.15942029,20073888.492753625
도봉구,커피-음료,25014301.449541286,36960031.30275229,33860325.76146789,34824821.3119266,31117673.880733944
도봉구,패스트푸드점,18745061.8,32707996.95,34400416.9,29362006.05,19561743.3
도봉구,한식음식점,66143224.82467532,164588738.0974026,217930446.20779222,321496919.4480519,424842088.5064935
동대문구,분식전문점,32591355.75,37339935.0546875,42095928.6171875,52444954.6171875,41060682.3203125
동대문구,양식음식점,56948262.625,96067591.65,63235683.325,73705506.075,41617919.75
동대문구,일식음식점,31190400.730769232,31306822.076923076,28758507.807692308,36430891.26923077,23127908.173076924
동대문구,중식음식점,54135428.557692304,51295006.865384616,46468801.288461536,55419624.32692308,39410753.01923077
동대문구,치킨전문점,15960073.92063492,22907214.015873015,29160280.14285714,34443103.14285714,24911418.301587302
동대문구,커피-음료,76979912.04678363,57365991.935672514,45837116.900584795,50462949.00584795,28784365.959064327
동대문구,패스트푸드점,36463531.114754096,35854465.78688525,28347563.573770493,29593978.409836065,13992631.704918033
동대문구,한식음식점,152231539.01858735,232085196.8401487,248278859.9182156,319709923.65799254,378304937.8401487
동작구,분식전문점,44427114.28318584,54875320.946902655,50872781.39823009,60572595.840707965,42275455.46902655
동작구,양식음식점,60911062.4,90321286.85714285,62094075.2,59917729.885714285,25648137.37142857
동작구,일식음식점,102595959.85714285,155239545.69047618,94451945.23809524,87983306.23809524,56395979.071428575
동작구,중식음식점,44413887.54794521,69201464.53424658,58118312.36986301,63947129.95890411,49137387.76712329
동작구,치킨전문점,18526612.806818184,26724678.568181816,21491849.46590909,26259811.011363637,20283583.829545453
동작구,커피-음료,85471887.29530202,102790124.55033557,65618045.95973154,61606684.0,43596023.503355704
동작구,패스트푸드점,64087487.507246375,101660622.69565217,105931244.49275362,90571955.28985508,47825726.56521739
동작구,한식음식점,288696379.9637306,503258279.5284974,346014183.10362697,413020869.4715026,444757839.4248705
마포구,분식전문점,67232105.0,80104040.70121951,66024848.78658537,53917878.45731708,27770444.17073171
마포구,양식음식점,345769774.1551724,302294224.8965517,135774832.0,105177305.1724138,41193634.672413796
마포구,일식음식점,297974612.3867925,271078827.6698113,111332308.2264151,94200143.31132075,41115167.943396226
마포구,중식음식점,121006073.9,118254190.86666666,76555565.33333333,64537259.07777778,38369875.87777778
마포구,치킨전문점,33081600.88235294,44981876.08235294,35506990.105882354,38144951.34117647,19620557.505882353
마포구,커피-음료,309949287.4893617,253513075.56595746,127692613.83404255,98985694.05106384,44577747.89787234
마포구,패스트푸드점,94057752.81927711,100169382.19277108,58484939.56626506,47427088.927710846,20930593.46987952
마포구,한식음식점,546674064.7099236,626717136.1832061,391797304.3816794,390511128.351145,280888065.33206105
서대문구,분식전문점,57970376.458333336,52480130.041666664,53187547.927083336,52757981.802083336,32980005.895833332
서대문구,양식음식점,95052384.54385965,80025374.91228071,45617534.596491225,45906547.298245616,18359187.842105262
서대문구,일식음식점,148251407.91489363,85033225.29787233,45100893.61702128,61745014.61702128,33179009.659574468
서대문구,중식음식점,160294426.36956522,112225381.43478261,79691214.0,92868853.7826087,65233117.30434783
서대문구,치킨전문점,32881750.21212121,23397725.333333332,19432677.560606062,27900827.166666668,14884303.833333334
서대문구,커피-음료,167604085.32666665,102232549.45333333,58015387.24666667,62374636.76,29244755.6
서대문구,패스트푸드점,107158241.11363636,80149977.81818181,56788540.22727273,62054502.02272727,26304149.818181816
서대문구,한식음식점,249260319.785,240854079.52,212650956.405,285851421.915,262407502.845
서초구,분식전문점,83815259.12280701,133343890.44736843,125129819.16666667,108648358.70175439,67918623.79824561
서초구,양식음식점,156253807.70588234,291174618.2058824,199049251.29411766,160052493.12745097,126193963.58823529
서초구,일식음식점,231239506.84057972,386241670.04347825,231171406.23188406,184456958.07246378,139658947.60869566
서초구,중식음식점,113234056.09210527,203351257.5526316,145442686.18421054,138851450.89473686,107311147.11842105
서초구,치킨전문점,38647893.1875,77652002.609375,74453821.0625,71477982.390625,53515083.734375
서초구,커피-음료,176843225.96954316,281552645.7208122,206207153.40101522,165012540.44162437,118932741.74111675
서초구,패스트푸드점,88438080.92207792,127411696.49350649,90204751.03896104,71500465.76623377,35660066.64935065
서초구,한식음식점,516163500.9519231,976181231.0288461,755809923.2403846,765725120.5769231,782846207.5625
성동구,분식전문점,44153935.91428571,48376473.43809524,35092363.14285714,38126820.08571429,25914500.742857143
성동구,양식음식점,69018637.5,72172271.33333333,30606149.208333332,20723477.479166668,7889371.916666667
성동구,일식음식점,93926952.88636364,79653827.97727273,41672474.65909091,38643222.29545455,19362729.227272727
성동구,중식음식점,31115666.14285714,37334564.64285714,27623590.23214286,27674544.92857143,22066275.089285713
성동구,치킨전문점,18911038.69333333,24303264.266666666,20933738.973333333,30030587.16,20221196.69333333
성동구,커피-음료,92639800.17763157,114977766.03947368,64665428.85526316,49868534.7631579,26392532.34868421
성동구,패스트푸드점,38521638.47692308,38239617.10769231,20247198.692307692,18753417.353846155,10324576.753846154
성동구,한식음식점,310640173.99489796,446564591.4132653,306316250.46428573,346840673.79591835,303828507.31122446
성북구,분식전문점,47680661.49612403,32063070.751937985,39040852.72868217,44176360.697674416,19625707.751937985
성북구,양식음식점,87571328.33333333,63439649.083333336,42192647.916666664,56469788.61111111,26985951.805555556
성북구,일식음식점,73002294.9,50452398.55,30420018.6,32745906.05,11821524.125
성북구,중식음식점,41440153.770833336,34097441.645833336,33302272.354166668,41653360.479166664,24912258.75
성북구,치킨전문점,17952927.328767125,20993256.301369864,24199392.712328766,30100725.630136985,18991223.630136985
성북구,커피-음료,111449987.07027027,78170249.61081082,62898298.4,68923416.76216216,32348464.167567566
성북구,패스트푸드점,49748493.72580645,51059996.85483871,56237512.951612905,61150348.59677419,32855061.741935484
성북구,한식음식점,183153492.01587301,219745345.56746033,227400869.10714287,316014172.25,278229937.1904762
송파구,분식전문점,64305154.105820104,123829973.8888889,130303520.90476191,90081263.70899472,56715141.047619045
송파구,양식음식점,118339382.47619048,248433645.89285713,230616173.8452381,142266457.25,99019394.79761904
송파구,일식음식점,166346841.6627907,229084070.97674417,128732464.23255815,88891174.52325581,57272507.97674418
송파구,중식음식점,45242158.40952381,93586376.31428571,78737993.70476191,60888197.4,42190127.0952381
송파구,치킨전문점,29137047.211864408,59012285.084745765,47234273.43220339,41213062.550847456,28031609.0
송파구,커피-음료,130268206.97478992,216586115.4369748,159992001.83193278,121432698.05042017,86461448.9789916
송파구,패스트푸드점,125720692.05660377,203311446.6792453,221293109.88679245,117864866.97169812,73605035.7735849
송파구,한식음식점,516055329.266129,936864247.9395162,700608676.9758065,648877717.7459677,650334956.7862903
양천구,분식전문점,15048947.807692308,37693517.442307696,60292432.20192308,58098927.557692304,37130979.807692304
양천구,양식음식점,9899185.0,21798780.208333332,51616229.125,39775227.875,18449257.25
양천구,일식음식점,17115952.52631579,41738221.684210524,47075861.078947365,40847967.05263158,21211395.02631579
양천구,중식음식점,14290854.108695652,36039361.30434783,59006760.847826086,53771748.26086956,38170160.217391305
양천구,치킨전문점,11305672.743589744,24578564.474358976,42386787.73076923,43207542.26923077,26648477.974358976
양천구,커피-음료,27372937.791666668,46337606.98611111,51979743.909722224,41498656.30555555,22214713.555555556
양천구,패스트푸드점,45350611.96875,84237318.5,107449667.21875,82273434.3125,34857910.59375
양천구,한식음식점,93514611.62926829,219782525.4,269896033.595122,306779863.3219512,287683972.9756098
영등포구,분식전문점,32345334.241666667,76365294.65833333,60513644.05,52434870.333333336,29455645.55
영등포구,양식음식점,204839252.97435898,436111692.94871795,284819084.2307692,173847109.7948718,78665938.79487179
영등포구,일식음식점,208665462.98,437772429.54,256770775.2,163286171.48,103232320.66
영등포구,중식음식점,72144487.04545455,232802514.17424244,194182398.2651515,171290384.0,115799337.53030303
영등포구,치킨전문점,29078663.26744186,62475839.27906977,48420143.72093023,40606494.88372093,26275635.0
영등포구,커피-음료,114066031.97814208,228007261.1693989,151310483.56284153,112325999.44808744,58544816.35519125
영등포구,패스트푸드점,93359504.0,163985914.55714285,98660348.55714285,75360894.17142858,47136244.24285714
영등포구,한식음식점,246815576.71612903,579320441.0645162,435607893.4548387,419583911.86129034,383823844.7645161
용산구,분식전문점,55015261.67346939,81422350.81632653,58619149.510204084,50920862.17346939,29989282.295918368
용산구,양식음식점,570081696.1818181,771039674.979798,295371123.3737374,193735425.32323232,134313667.32323232
용산구,일식음식점,60503255.74285714,93808591.07142857,52074542.64285714,46188342.2,26257804.7
용산구,중식음식점,137407920.28,196638833.52,95087712.0,69334374.38,35392459.34
용산구,치킨전문점,13287793.125,25380027.180555556,22796725.361111112,23873138.541666668,15351651.347222222
용산구,커피-음료,139262015.72289157,178640400.3493976,92668405.06024097,65791234.60843374,30199632.162650604
용산구,패스트푸드점,203977389.5892857,216449563.69642857,83095730.10714285,60213072.28571428,31367941.410714287
용산구,한식음식점,510804511.3229167,788545953.796875,394403013.703125,348972179.4114583,258798326.77604166
은평구,분식전문점,17119955.814285714,30137148.278571427,37637394.79285714,42733507.635714285,29109128.542857144
은평구,양식음식점,32918339.708333332,41365857.125,36898731.583333336,28496381.791666668,13302529.416666666
은평구,일식음식점,57293239.97058824,72285378.29411764,38178713.85294118,35698886.4117647,19253494.76470588
은평구,중식음식점,20226998.735849056,27045931.698113207,27859180.79245283,28997008.358490568,22474549.849056605
은평구,치킨전문점,6076238.903614458,9670704.879518073,13023829.445783133,16713660.843373494,13570254.457831325
은평구,커피-음료,24771112.89090909,34348291.95151515,30250909.63030303,30558516.412121214,22078094.193939395
은평구,패스트푸드점,40222351.928571425,54898193.5,46966116.5,43587753.53571428,26645684.464285713
은평구,한식음식점,105027055.30416666,211543908.94166666,224895513.5875,289753068.225,317263248.50416666
종로구,분식전문점,126950293.13675214,179332497.76923078,152589022.84615386,132758151.35042734,71165834.54700854
종로구,양식음식점,267430060.48514852,337754659.57425743,215294279.17821783,163204311.22772276,98152470.51485148
종로구,일식음식점,232928173.92857143,318261880.625,214161054.9642857,171239495.80357143,117219767.16071428
종로구,중식음식점,164223849.7962963,287692011.7037037,202431412.9074074,173726353.5,156634578.64814815
종로구,치킨전문점,58993268.777777776,108451521.72222222,90973083.92592593,92456370.92592593,58441363.277777776
종로구,커피-음료,278590363.25641024,348032856.27179486,243127126.0923077,211697243.7076923,157252225.82564104
종로구,패스트푸드점,66442969.20967742,92729659.27419356,64583523.64516129,50688739.91935484,31058727.83870968
종로구,한식음식점,529300564.34615386,877331926.8119658,700124222.6196581,746545573.9230769,818705286.5
중구,분식전문점,91677077.39285715,169014472.24285713,154703266.5,126733223.28571428,73626324.80714285
중구,양식음식점,170906798.90526316,269246044.9368421,216664205.91578948,144259834.24210528,82136484.65263158
중구,일식음식점,124786267.0595238,223161264.39285713,167104934.22619048,121333333.78571428,88772015.5
중구,중식음식점,79970865.18947369,162669468.9473684,140994177.97894737,123720065.36842105,99214256.03157894
중구,치킨전문점,42260738.38095238,79242334.68253969,83548012.8888889,72187432.95238096,37333465.15873016
중구,커피-음료,254843669.32978722,469356977.2340425,406186182.34042555,281338258.40425533,165894905.09042552
중구,패스트푸드점,78720914.95121951,150641117.6097561,115037888.30487806,80926443.17073171,49490258.3902439
중구,한식음식점,500317509.5223214,1132324664.4375,998934245.5892857,949994893.9821428,1018524631.3973215
중랑구,분식전문점,12868662.992307693,26871557.992307693,31475384.546153847,40938207.907692306,30030786.43076923
중랑구,양식음식점,59164448.666666664,125132024.66666667,145947991.66666666,104704795.83333333,69930359.16666667
중랑구,일식음식점,106734433.81818181,128429485.54545455,105458681.68181819,107059029.86363636,75682166.95454545
중랑구,중식음식점,13446469.513513513,19382041.324324325,22058535.162162162,23196322.324324325,23073465.756756756
중랑구,치킨전문점,5333895.613636363,10562195.863636363,12695991.579545455,15778907.079545455,15095627.761363637
중랑구,커피-음료,23422718.425,36756011.9125,27841003.05,26494553.78125,23535850.4875
중랑구,패스트푸드점,47674760.833333336,84930413.39583333,71466360.75,50890564.3125,30895488.229166668
중랑구,한식음식점,132984354.53703703,285421985.3055556,260459274.6527778,346073440.7731481,440784808.0787037
