구명,연도,업종,총개수,폐업수,폐업률
강남구,2019,분식전문점,997,78,7.82
강남구,2019,양식음식점,2516,249,9.9
강남구,2019,일식음식점,938,96,10.23
강남구,2019,중식음식점,402,24,5.97
강남구,2019,치킨전문점,261,32,12.26
강남구,2019,커피-음료,1564,330,21.1
강남구,2019,한식음식점,5277,449,8.51
강남구,2020,분식전문점,1012,81,8.0
강남구,2020,양식음식점,2512,265,10.55
강남구,2020,일식음식점,955,94,9.84
강남구,2020,중식음식점,413,38,9.2
강남구,2020,치킨전문점,296,26,8.78
강남구,2020,커피-음료,1580,261,16.52
강남구,2020,한식음식점,5405,536,9.92
강남구,2021,분식전문점,1009,95,9.42
강남구,2021,양식음식점,2473,207,8.37
강남구,2021,일식음식점,1002,86,8.58
강남구,2021,중식음식점,417,38,9.11
강남구,2021,치킨전문점,318,39,12.26
강남구,2021,커피-음료,1622,211,13.01
강남구,2021,한식음식점,5383,531,9.86
강남구,2022,분식전문점,979,100,10.21
강남구,2022,양식음식점,2473,232,9.38
강남구,2022,일식음식점,1033,86,8.33
강남구,2022,중식음식점,424,37,8.73
강남구,2022,치킨전문점,323,43,13.31
강남구,2022,커피-음료,1728,275,15.91
강남구,2022,한식음식점,5359,476,8.88
강남구,2023,분식전문점,945,94,9.95
강남구,2023,양식음식점,2442,225,9.21
강남구,2023,일식음식점,1108,97,8.75
강남구,2023,중식음식점,447,36,8.05
강남구,2023,치킨전문점,343,36,10.5
강남구,2023,커피-음료,1773,308,17.37
강남구,2023,한식음식점,5487,587,10.7
강남구,2024,분식전문점,905,80,8.84
강남구,2024,양식음식점,2370,227,9.58
강남구,2024,일식음식점,1147,111,9.68
강남구,2024,중식음식점,473,58,12.26
강남구,2024,치킨전문점,346,47,13.58
강남구,2024,커피-음료,1802,323,17.92
강남구,2024,한식음식점,5494,532,9.68
강동구,2019,분식전문점,334,33,9.88
강동구,2019,양식음식점,126,15,11.9
강동구,2019,일식음식점,158,12,7.59
강동구,2019,중식음식점,144,10,6.94
강동구,2019,치킨전문점,511,44,8.61
강동구,2019,커피-음료,516,50,9.69
강동구,2019,한식음식점,2163,201,9.29
강동구,2020,분식전문점,350,30,8.57
강동구,2020,양식음식점,142,9,6.34
강동구,2020,일식음식점,181,12,6.63
강동구,2020,중식음식점,156,13,8.33
강동구,2020,치킨전문점,523,41,7.84
강동구,2020,커피-음료,580,66,11.38
강동구,2020,한식음식점,2180,177,8.12
강동구,2021,분식전문점,372,41,11.02
강동구,2021,양식음식점,175,20,11.43
강동구,2021,일식음식점,205,15,7.32
강동구,2021,중식음식점,162,10,6.17
강동구,2021,치킨전문점,536,52,9.7
강동구,2021,커피-음료,646,68,10.53
강동구,2021,한식음식점,2180,202,9.27
강동구,2022,분식전문점,362,47,12.98
강동구,2022,양식음식점,185,19,10.27
강동구,2022,일식음식점,214,35,16.36
강동구,2022,중식음식점,168,17,10.12
강동구,2022,치킨전문점,521,53,10.17
강동구,2022,커피-음료,696,81,11.64
강동구,2022,한식음식점,2140,261,12.2
강동구,2023,분식전문점,358,49,13.69
강동구,2023,양식음식점,201,34,16.92
강동구,2023,일식음식점,201,25,12.44
강동구,2023,중식음식점,170,17,10.0
강동구,2023,치킨전문점,508,53,10.43
강동구,2023,커피-음료,711,114,16.03
강동구,2023,한식음식점,2089,231,11.06
강동구,2024,분식전문점,348,41,11.78
강동구,2024,양식음식점,199,20,10.05
강동구,2024,일식음식점,209,29,13.88
강동구,2024,중식음식점,166,24,14.46
강동구,2024,치킨전문점,492,43,8.74
강동구,2024,커피-음료,679,83,12.22
강동구,2024,한식음식점,2077,202,9.73
강북구,2019,분식전문점,288,12,4.17
강북구,2019,양식음식점,78,5,6.41
강북구,2019,일식음식점,133,17,12.78
강북구,2019,중식음식점,83,8,9.64
강북구,2019,치킨전문점,482,39,8.09
강북구,2019,커피-음료,224,19,8.48
강북구,2019,한식음식점,1782,114,6.4
강북구,2020,분식전문점,305,24,7.87
강북구,2020,양식음식점,86,4,4.65
강북구,2020,일식음식점,122,8,6.56
강북구,2020,중식음식점,82,6,7.32
강북구,2020,치킨전문점,483,31,6.42
강북구,2020,커피-음료,252,24,9.52
강북구,2020,한식음식점,1812,99,5.46
강북구,2021,분식전문점,298,46,15.44
강북구,2021,양식음식점,101,24,23.76
강북구,2021,일식음식점,127,16,12.6
강북구,2021,중식음식점,86,7,8.14
강북구,2021,치킨전문점,473,74,15.64
강북구,2021,커피-음료,282,42,14.89
강북구,2021,한식음식점,1848,245,13.26
강북구,2022,분식전문점,260,25,9.62
강북구,2022,양식음식점,84,6,7.14
강북구,2022,일식음식점,113,12,10.62
강북구,2022,중식음식점,87,5,5.75
강북구,2022,치킨전문점,408,39,9.56
강북구,2022,커피-음료,264,36,13.64
강북구,2022,한식음식점,1672,118,7.06
강북구,2023,분식전문점,243,31,12.76
강북구,2023,양식음식점,84,9,10.71
강북구,2023,일식음식점,113,9,7.96
강북구,2023,중식음식점,87,9,10.34
강북구,2023,치킨전문점,383,41,10.7
강북구,2023,커피-음료,251,48,19.12
강북구,2023,한식음식점,1684,166,9.86
강북구,2024,분식전문점,235,24,10.21
강북구,2024,양식음식점,82,10,12.2
강북구,2024,일식음식점,122,9,7.38
강북구,2024,중식음식점,86,14,16.28
강북구,2024,치킨전문점,362,35,9.67
강북구,2024,커피-음료,245,31,12.65
강북구,2024,한식음식점,1693,157,9.27
강서구,2019,분식전문점,391,41,10.49
강서구,2019,양식음식점,416,47,11.3
강서구,2019,일식음식점,302,31,10.26
강서구,2019,중식음식점,208,17,8.17
강서구,2019,치킨전문점,501,53,10.58
강서구,2019,커피-음료,905,92,10.17
강서구,2019,한식음식점,3090,258,8.35
강서구,2020,분식전문점,369,29,7.86
강서구,2020,양식음식점,492,42,8.54
강서구,2020,일식음식점,336,44,13.1
강서구,2020,중식음식점,218,19,8.72
강서구,2020,치킨전문점,500,43,8.6
강서구,2020,커피-음료,997,112,11.23
강서구,2020,한식음식점,3375,296,8.77
강서구,2021,분식전문점,375,37,9.87
강서구,2021,양식음식점,587,76,12.95
강서구,2021,일식음식점,373,43,11.53
강서구,2021,중식음식점,240,21,8.75
강서구,2021,치킨전문점,483,46,9.52
강서구,2021,커피-음료,1100,133,12.09
강서구,2021,한식음식점,3494,373,10.68
강서구,2022,분식전문점,376,39,10.37
강서구,2022,양식음식점,615,80,13.01
강서구,2022,일식음식점,413,44,10.65
강서구,2022,중식음식점,251,29,11.55
강서구,2022,치킨전문점,474,56,11.81
강서구,2022,커피-음료,1137,146,12.84
강서구,2022,한식음식점,3521,363,10.31
강서구,2023,분식전문점,380,44,11.58
강서구,2023,양식음식점,608,80,13.16
강서구,2023,일식음식점,438,53,12.1
강서구,2023,중식음식점,261,23,8.81
강서구,2023,치킨전문점,453,59,13.02
강서구,2023,커피-음료,1163,177,15.22
강서구,2023,한식음식점,3582,408,11.39
강서구,2024,분식전문점,377,63,16.71
강서구,2024,양식음식점,584,122,20.89
강서구,2024,일식음식점,436,61,13.99
강서구,2024,중식음식점,271,30,11.07
강서구,2024,치킨전문점,430,91,21.16
강서구,2024,커피-음료,1120,216,19.29
강서구,2024,한식음식점,3567,618,17.33
관악구,2019,분식전문점,523,40,7.65
관악구,2019,양식음식점,374,37,9.89
관악구,2019,일식음식점,228,28,12.28
관악구,2019,중식음식점,158,12,7.59
관악구,2019,치킨전문점,673,72,10.7
관악구,2019,커피-음료,581,63,10.84
관악구,2019,한식음식점,2157,197,9.13
관악구,2020,분식전문점,554,51,9.21
관악구,2020,양식음식점,415,45,10.84
관악구,2020,일식음식점,232,14,6.03
관악구,2020,중식음식점,175,9,5.14
관악구,2020,치킨전문점,673,78,11.59
관악구,2020,커피-음료,628,77,12.26
관악구,2020,한식음식점,2254,198,8.78
관악구,2021,분식전문점,552,70,12.68
관악구,2021,양식음식점,437,58,13.27
관악구,2021,일식음식점,267,24,8.99
관악구,2021,중식음식점,197,21,10.66
관악구,2021,치킨전문점,647,63,9.74
관악구,2021,커피-음료,664,80,12.05
관악구,2021,한식음식점,2350,257,10.94
관악구,2022,분식전문점,502,58,11.55
관악구,2022,양식음식점,417,66,15.83
관악구,2022,일식음식점,282,41,14.54
관악구,2022,중식음식점,202,29,14.36
관악구,2022,치킨전문점,636,69,10.85
관악구,2022,커피-음료,683,93,13.62
관악구,2022,한식음식점,2319,249,10.74
관악구,2023,분식전문점,479,49,10.23
관악구,2023,양식음식점,398,59,14.82
관악구,2023,일식음식점,284,33,11.62
관악구,2023,중식음식점,208,22,10.58
관악구,2023,치킨전문점,602,67,11.13
관악구,2023,커피-음료,687,99,14.41
관악구,2023,한식음식점,2345,258,11.0
관악구,2024,분식전문점,449,53,11.8
관악구,2024,양식음식점,385,52,13.51
관악구,2024,일식음식점,289,41,14.19
관악구,2024,중식음식점,214,18,8.41
관악구,2024,치킨전문점,564,55,9.75
관악구,2024,커피-음료,695,121,17.41
관악구,2024,한식음식점,2459,302,12.28
광진구,2019,분식전문점,373,42,11.26
광진구,2019,양식음식점,262,26,9.92
광진구,2019,일식음식점,290,23,7.93
광진구,2019,중식음식점,245,24,9.8
광진구,2019,치킨전문점,686,62,9.04
광진구,2019,커피-음료,476,41,8.61
광진구,2019,한식음식점,1868,160,8.57
광진구,2020,분식전문점,370,44,11.89
광진구,2020,양식음식점,281,31,11.03
광진구,2020,일식음식점,312,27,8.65
광진구,2020,중식음식점,242,14,5.79
광진구,2020,치킨전문점,659,51,7.74
광진구,2020,커피-음료,563,69,12.26
광진구,2020,한식음식점,1897,144,7.59
광진구,2021,분식전문점,374,39,10.43
광진구,2021,양식음식점,285,26,9.12
광진구,2021,일식음식점,324,33,10.19
광진구,2021,중식음식점,250,12,4.8
광진구,2021,치킨전문점,642,60,9.35
광진구,2021,커피-음료,615,71,11.54
광진구,2021,한식음식점,1954,168,8.6
광진구,2022,분식전문점,371,38,10.24
광진구,2022,양식음식점,301,35,11.63
광진구,2022,일식음식점,318,35,11.01
광진구,2022,중식음식점,269,21,7.81
광진구,2022,치킨전문점,609,60,9.85
광진구,2022,커피-음료,682,104,15.25
광진구,2022,한식음식점,1952,191,9.78
광진구,2023,분식전문점,355,42,11.83
광진구,2023,양식음식점,291,54,18.56
광진구,2023,일식음식점,328,45,13.72
광진구,2023,중식음식점,276,30,10.87
광진구,2023,치킨전문점,582,49,8.42
광진구,2023,커피-음료,669,94,14.05
광진구,2023,한식음식점,1930,182,9.43
광진구,2024,분식전문점,336,38,11.31
광진구,2024,양식음식점,270,39,14.44
광진구,2024,일식음식점,330,32,9.7
광진구,2024,중식음식점,278,29,10.43
광진구,2024,치킨전문점,564,51,9.04
광진구,2024,커피-음료,646,102,15.79
광진구,2024,한식음식점,1942,183,9.42
구로구,2019,분식전문점,386,29,7.51
구로구,2019,양식음식점,106,15,14.15
구로구,2019,일식음식점,133,16,12.03
구로구,2019,중식음식점,344,35,10.17
구로구,2019,치킨전문점,763,59,7.73
구로구,2019,커피-음료,446,56,12.56
구로구,2019,한식음식점,2086,173,8.29
구로구,2020,분식전문점,394,36,9.14
구로구,2020,양식음식점,103,11,10.68
구로구,2020,일식음식점,141,13,9.22
구로구,2020,중식음식점,343,28,8.16
구로구,2020,치킨전문점,761,59,7.75
구로구,2020,커피-음료,477,40,8.39
구로구,2020,한식음식점,2085,162,7.77
구로구,2021,분식전문점,396,53,13.38
구로구,2021,양식음식점,107,17,15.89
구로구,2021,일식음식점,159,16,10.06
구로구,2021,중식음식점,362,36,9.94
구로구,2021,치킨전문점,755,113,14.97
구로구,2021,커피-음료,523,66,12.62
구로구,2021,한식음식점,2101,279,13.28
구로구,2022,분식전문점,365,43,11.78
구로구,2022,양식음식점,101,12,11.88
구로구,2022,일식음식점,166,17,10.24
구로구,2022,중식음식점,371,30,8.09
구로구,2022,치킨전문점,679,60,8.84
구로구,2022,커피-음료,531,57,10.73
구로구,2022,한식음식점,1967,172,8.74
구로구,2023,분식전문점,350,41,11.71
구로구,2023,양식음식점,99,10,10.1
구로구,2023,일식음식점,175,23,13.14
구로구,2023,중식음식점,372,30,8.06
구로구,2023,치킨전문점,667,60,9.0
구로구,2023,커피-음료,560,80,14.29
구로구,2023,한식음식점,1931,152,7.87
구로구,2024,분식전문점,338,41,12.13
구로구,2024,양식음식점,98,16,16.33
구로구,2024,일식음식점,172,21,12.21
구로구,2024,중식음식점,383,52,13.58
구로구,2024,치킨전문점,648,64,9.88
구로구,2024,커피-음료,544,71,13.05
구로구,2024,한식음식점,1931,157,8.13
금천구,2019,분식전문점,232,21,9.05
금천구,2019,양식음식점,82,14,17.07
금천구,2019,일식음식점,80,10,12.5
금천구,2019,중식음식점,182,13,7.14
금천구,2019,치킨전문점,444,21,4.73
금천구,2019,커피-음료,347,44,12.68
금천구,2019,한식음식점,1521,109,7.17
금천구,2020,분식전문점,218,14,6.42
금천구,2020,양식음식점,76,4,5.26
금천구,2020,일식음식점,78,10,12.82
금천구,2020,중식음식점,189,16,8.47
금천구,2020,치킨전문점,454,34,7.49
금천구,2020,커피-음료,372,31,8.33
금천구,2020,한식음식점,1567,99,6.32
금천구,2021,분식전문점,227,18,7.93
금천구,2021,양식음식점,86,10,11.63
금천구,2021,일식음식점,84,5,5.95
금천구,2021,중식음식점,206,19,9.22
금천구,2021,치킨전문점,447,45,10.07
금천구,2021,커피-음료,423,51,12.06
금천구,2021,한식음식점,1645,160,9.73
금천구,2022,분식전문점,220,14,6.36
금천구,2022,양식음식점,94,12,12.77
금천구,2022,일식음식점,95,6,6.32
금천구,2022,중식음식점,219,26,11.87
금천구,2022,치킨전문점,425,35,8.24
금천구,2022,커피-음료,448,49,10.94
금천구,2022,한식음식점,1606,147,9.15
금천구,2023,분식전문점,213,19,8.92
금천구,2023,양식음식점,97,12,12.37
금천구,2023,일식음식점,112,17,15.18
금천구,2023,중식음식점,225,21,9.33
금천구,2023,치킨전문점,413,36,8.72
금천구,2023,커피-음료,480,56,11.67
금천구,2023,한식음식점,1665,136,8.17
금천구,2024,분식전문점,202,19,9.41
금천구,2024,양식음식점,100,12,12.0
금천구,2024,일식음식점,122,11,9.02
금천구,2024,중식음식점,224,28,12.5
금천구,2024,치킨전문점,401,34,8.48
금천구,2024,커피-음료,502,50,9.96
금천구,2024,한식음식점,1706,163,9.55
노원구,2019,분식전문점,392,48,12.24
노원구,2019,양식음식점,126,14,11.11
노원구,2019,일식음식점,180,15,8.33
노원구,2019,중식음식점,138,9,6.52
노원구,2019,치킨전문점,518,54,10.42
노원구,2019,커피-음료,523,64,12.24
노원구,2019,한식음식점,1671,160,9.58
노원구,2020,분식전문점,373,25,6.7
노원구,2020,양식음식점,130,10,7.69
노원구,2020,일식음식점,186,17,9.14
노원구,2020,중식음식점,144,14,9.72
노원구,2020,치킨전문점,519,46,8.86
노원구,2020,커피-음료,524,51,9.73
노원구,2020,한식음식점,1664,128,7.69
노원구,2021,분식전문점,372,33,8.87
노원구,2021,양식음식점,140,11,7.86
노원구,2021,일식음식점,196,15,7.65
노원구,2021,중식음식점,149,8,5.37
노원구,2021,치킨전문점,517,51,9.86
노원구,2021,커피-음료,573,63,10.99
노원구,2021,한식음식점,1685,146,8.66
노원구,2022,분식전문점,358,39,10.89
노원구,2022,양식음식점,148,10,6.76
노원구,2022,일식음식점,201,17,8.46
노원구,2022,중식음식점,149,11,7.38
노원구,2022,치킨전문점,497,27,5.43
노원구,2022,커피-음료,599,71,11.85
노원구,2022,한식음식점,1638,118,7.2
노원구,2023,분식전문점,343,31,9.04
노원구,2023,양식음식점,173,21,12.14
노원구,2023,일식음식점,213,13,6.1
노원구,2023,중식음식점,149,17,11.41
노원구,2023,치킨전문점,516,52,10.08
노원구,2023,커피-음료,615,85,13.82
노원구,2023,한식음식점,1672,136,8.13
노원구,2024,분식전문점,341,31,9.09
노원구,2024,양식음식점,185,35,18.92
노원구,2024,일식음식점,220,23,10.45
노원구,2024,중식음식점,152,12,7.89
노원구,2024,치킨전문점,522,73,13.98
노원구,2024,커피-음료,585,77,13.16
노원구,2024,한식음식점,1723,164,9.52
도봉구,2019,분식전문점,191,14,7.33
도봉구,2019,양식음식점,96,14,14.58
도봉구,2019,일식음식점,108,10,9.26
도봉구,2019,중식음식점,86,7,8.14
도봉구,2019,치킨전문점,403,32,7.94
도봉구,2019,커피-음료,269,21,7.81
도봉구,2019,한식음식점,1120,123,10.98
도봉구,2020,분식전문점,197,20,10.15
도봉구,2020,양식음식점,96,6,6.25
도봉구,2020,일식음식점,106,9,8.49
도봉구,2020,중식음식점,86,3,3.49
도봉구,2020,치킨전문점,408,42,10.29
도봉구,2020,커피-음료,297,26,8.75
도봉구,2020,한식음식점,1080,72,6.67
도봉구,2021,분식전문점,191,37,19.37
도봉구,2021,양식음식점,102,10,9.8
도봉구,2021,일식음식점,114,11,9.65
도봉구,2021,중식음식점,89,6,6.74
도봉구,2021,치킨전문점,394,47,11.93
도봉구,2021,커피-음료,334,55,16.47
도봉구,2021,한식음식점,1109,132,11.9
도봉구,2022,분식전문점,159,16,10.06
도봉구,2022,양식음식점,101,11,10.89
도봉구,2022,일식음식점,118,15,12.71
도봉구,2022,중식음식점,88,13,14.77
도봉구,2022,치킨전문점,381,40,10.5
도봉구,2022,커피-음료,327,53,16.21
도봉구,2022,한식음식점,1057,111,10.5
도봉구,2023,분식전문점,153,13,8.5
도봉구,2023,양식음식점,106,11,10.38
도봉구,2023,일식음식점,112,18,16.07
도봉구,2023,중식음식점,84,4,4.76
도봉구,2023,치킨전문점,359,30,8.36
도봉구,2023,커피-음료,314,48,15.29
도봉구,2023,한식음식점,1054,122,11.57
도봉구,2024,분식전문점,156,16,10.26
도봉구,2024,양식음식점,102,14,13.73
도봉구,2024,일식음식점,101,12,11.88
도봉구,2024,중식음식점,86,7,8.14
도봉구,2024,치킨전문점,346,32,9.25
도봉구,2024,커피-음료,294,36,12.24
도봉구,2024,한식음식점,1026,94,9.16
동대문구,2019,분식전문점,308,37,12.01
동대문구,2019,양식음식점,157,14,8.92
동대문구,2019,일식음식점,164,14,8.54
동대문구,2019,중식음식점,162,10,6.17
동대문구,2019,치킨전문점,535,68,12.71
동대문구,2019,커피-음료,423,44,10.4
동대문구,2019,한식음식점,2330,210,9.01
동대문구,2020,분식전문점,287,20,6.97
동대문구,2020,양식음식점,162,18,11.11
동대문구,2020,일식음식점,164,16,9.76
동대문구,2020,중식음식점,164,13,7.93
동대문구,2020,치킨전문점,515,40,7.77
동대문구,2020,커피-음료,449,52,11.58
동대문구,2020,한식음식점,2252,174,7.73
동대문구,2021,분식전문점,285,23,8.07
동대문구,2021,양식음식점,157,14,8.92
동대문구,2021,일식음식점,169,19,11.24
동대문구,2021,중식음식점,162,9,5.56
동대문구,2021,치킨전문점,501,48,9.58
동대문구,2021,커피-음료,455,52,11.43
동대문구,2021,한식음식점,2174,157,7.22
동대문구,2022,분식전문점,274,23,8.39
동대문구,2022,양식음식점,168,27,16.07
동대문구,2022,일식음식점,170,17,10.0
동대문구,2022,중식음식점,174,16,9.2
동대문구,2022,치킨전문점,465,32,6.88
동대문구,2022,커피-음료,440,56,12.73
동대문구,2022,한식음식점,2147,181,8.43
동대문구,2023,분식전문점,263,28,10.65
동대문구,2023,양식음식점,166,17,10.24
동대문구,2023,일식음식점,169,13,7.69
동대문구,2023,중식음식점,182,19,10.44
동대문구,2023,치킨전문점,444,41,9.23
동대문구,2023,커피-음료,427,52,12.18
동대문구,2023,한식음식점,2121,148,6.98
동대문구,2024,분식전문점,255,52,20.39
동대문구,2024,양식음식점,179,29,16.2
동대문구,2024,일식음식점,168,30,17.86
동대문구,2024,중식음식점,188,38,20.21
동대문구,2024,치킨전문점,429,82,19.11
동대문구,2024,커피-음료,434,45,10.37
동대문구,2024,한식음식점,2167,278,12.83
동작구,2019,분식전문점,334,33,9.88
동작구,2019,양식음식점,183,25,13.66
동작구,2019,일식음식점,140,9,6.43
동작구,2019,중식음식점,126,7,5.56
동작구,2019,치킨전문점,370,28,7.57
동작구,2019,커피-음료,482,59,12.24
동작구,2019,한식음식점,1404,93,6.62
동작구,2020,분식전문점,316,32,10.13
동작구,2020,양식음식점,171,30,17.54
동작구,2020,일식음식점,139,13,9.35
동작구,2020,중식음식점,126,12,9.52
동작구,2020,치킨전문점,362,51,14.09
동작구,2020,커피-음료,497,83,16.7
동작구,2020,한식음식점,1401,128,9.14
동작구,2021,분식전문점,298,26,8.72
동작구,2021,양식음식점,146,10,6.85
동작구,2021,일식음식점,149,8,5.37
동작구,2021,중식음식점,123,9,7.32
동작구,2021,치킨전문점,327,27,8.26
동작구,2021,커피-음료,489,49,10.02
동작구,2021,한식음식점,1381,102,7.39
동작구,2022,분식전문점,284,24,8.45
동작구,2022,양식음식점,148,7,4.73
동작구,2022,일식음식점,159,15,9.43
동작구,2022,중식음식점,129,7,5.43
동작구,2022,치킨전문점,320,29,9.06
동작구,2022,커피-음료,510,53,10.39
동작구,2022,한식음식점,1354,109,8.05
동작구,2023,분식전문점,272,17,6.25
동작구,2023,양식음식점,147,18,12.24
동작구,2023,일식음식점,159,14,8.81
동작구,2023,중식음식점,134,7,5.22
동작구,2023,치킨전문점,314,24,7.64
동작구,2023,커피-음료,514,52,10.12
동작구,2023,한식음식점,1363,92,6.75
동작구,2024,분식전문점,272,22,8.09
동작구,2024,양식음식점,135,12,8.89
동작구,2024,일식음식점,164,15,9.15
동작구,2024,중식음식점,138,17,12.32
동작구,2024,치킨전문점,303,28,9.24
동작구,2024,커피-음료,514,63,12.26
동작구,2024,한식음식점,1397,94,6.73
마포구,2019,분식전문점,485,72,14.85
마포구,2019,양식음식점,576,94,16.32
마포구,2019,일식음식점,580,77,13.28
마포구,2019,중식음식점,273,32,11.72
마포구,2019,치킨전문점,930,142,15.27
마포구,2019,커피-음료,940,114,12.13
마포구,2019,한식음식점,2934,348,11.86
마포구,2020,분식전문점,440,42,9.55
마포구,2020,양식음식점,500,64,12.8
마포구,2020,일식음식점,514,55,10.7
마포구,2020,중식음식점,250,23,9.2
마포구,2020,치킨전문점,798,76,9.52
마포구,2020,커피-음료,842,107,12.71
마포구,2020,한식음식점,2718,246,9.05
마포구,2021,분식전문점,444,39,8.78
마포구,2021,양식음식점,566,50,8.83
마포구,2021,일식음식점,543,46,8.47
마포구,2021,중식음식점,249,20,8.03
마포구,2021,치킨전문점,768,72,9.38
마포구,2021,커피-음료,981,93,9.48
마포구,2021,한식음식점,2750,234,8.51
마포구,2022,분식전문점,443,47,10.61
마포구,2022,양식음식점,637,70,10.99
마포구,2022,일식음식점,594,54,9.09
마포구,2022,중식음식점,273,23,8.42
마포구,2022,치킨전문점,735,90,12.24
마포구,2022,커피-음료,1115,194,17.4
마포구,2022,한식음식점,2794,287,10.27
마포구,2023,분식전문점,426,45,10.56
마포구,2023,양식음식점,629,82,13.04
마포구,2023,일식음식점,645,43,6.67
마포구,2023,중식음식점,285,21,7.37
마포구,2023,치킨전문점,687,57,8.3
마포구,2023,커피-음료,1092,169,15.48
마포구,2023,한식음식점,2805,238,8.48
마포구,2024,분식전문점,418,57,13.64
마포구,2024,양식음식점,616,81,13.15
마포구,2024,일식음식점,698,81,11.6
마포구,2024,중식음식점,293,37,12.63
마포구,2024,치킨전문점,652,78,11.96
마포구,2024,커피-음료,1080,245,22.69
마포구,2024,한식음식점,2910,336,11.55
서대문구,2019,분식전문점,389,53,13.62
서대문구,2019,양식음식점,401,64,15.96
서대문구,2019,일식음식점,182,18,9.89
서대문구,2019,중식음식점,129,11,8.53
서대문구,2019,치킨전문점,402,41,10.2
서대문구,2019,커피-음료,545,65,11.93
서대문구,2019,한식음식점,1884,223,11.84
서대문구,2020,분식전문점,358,29,8.1
서대문구,2020,양식음식점,370,39,10.54
서대문구,2020,일식음식점,179,15,8.38
서대문구,2020,중식음식점,128,8,6.25
서대문구,2020,치킨전문점,397,44,11.08
서대문구,2020,커피-음료,559,86,15.38
서대문구,2020,한식음식점,1787,144,8.06
서대문구,2021,분식전문점,357,41,11.48
서대문구,2021,양식음식점,394,44,11.17
서대문구,2021,일식음식점,183,20,10.93
서대문구,2021,중식음식점,143,13,9.09
서대문구,2021,치킨전문점,375,40,10.67
서대문구,2021,커피-음료,558,87,15.59
서대문구,2021,한식음식점,1768,160,9.05
서대문구,2022,분식전문점,323,45,13.93
서대문구,2022,양식음식점,405,57,14.07
서대문구,2022,일식음식점,188,25,13.3
서대문구,2022,중식음식점,146,11,7.53
서대문구,2022,치킨전문점,354,53,14.97
서대문구,2022,커피-음료,570,90,15.79
서대문구,2022,한식음식점,1764,201,11.39
서대문구,2023,분식전문점,295,43,14.58
서대문구,2023,양식음식점,397,59,14.86
서대문구,2023,일식음식점,191,19,9.95
서대문구,2023,중식음식점,160,19,11.88
서대문구,2023,치킨전문점,323,38,11.76
서대문구,2023,커피-음료,560,92,16.43
서대문구,2023,한식음식점,1738,219,12.6
서대문구,2024,분식전문점,266,24,9.02
서대문구,2024,양식음식점,369,34,9.21
서대문구,2024,일식음식점,209,25,11.96
서대문구,2024,중식음식점,161,20,12.42
서대문구,2024,치킨전문점,296,25,8.45
서대문구,2024,커피-음료,532,80,15.04
서대문구,2024,한식음식점,1692,162,9.57
서초구,2019,분식전문점,459,38,8.28
서초구,2019,양식음식점,558,52,9.32
서초구,2019,일식음식점,364,24,6.59
서초구,2019,중식음식점,232,17,7.33
서초구,2019,치킨전문점,466,46,9.87
서초구,2019,커피-음료,1051,123,11.7
서초구,2019,한식음식점,3111,266,8.55
서초구,2020,분식전문점,467,44,9.42
서초구,2020,양식음식점,560,60,10.71
서초구,2020,일식음식점,368,36,9.78
서초구,2020,중식음식점,232,17,7.33
서초구,2020,치킨전문점,459,35,7.63
서초구,2020,커피-음료,1089,119,10.93
서초구,2020,한식음식점,3058,228,7.46
서초구,2021,분식전문점,453,57,12.58
서초구,2021,양식음식점,569,84,14.76
서초구,2021,일식음식점,365,31,8.49
서초구,2021,중식음식점,244,28,11.48
서초구,2021,치킨전문점,450,71,15.78
서초구,2021,커피-음료,1111,139,12.51
서초구,2021,한식음식점,3044,348,11.43
서초구,2022,분식전문점,411,38,9.25
서초구,2022,양식음식점,549,70,12.75
서초구,2022,일식음식점,374,41,10.96
서초구,2022,중식음식점,238,19,7.98
서초구,2022,치킨전문점,392,41,10.46
서초구,2022,커피-음료,1114,128,11.49
서초구,2022,한식음식점,2881,283,9.82
서초구,2023,분식전문점,399,41,10.28
서초구,2023,양식음식점,527,61,11.57
서초구,2023,일식음식점,375,27,7.2
서초구,2023,중식음식점,246,16,6.5
서초구,2023,치킨전문점,371,38,10.24
서초구,2023,커피-음료,1136,132,11.62
서초구,2023,한식음식점,2807,224,7.98
서초구,2024,분식전문점,377,39,10.34
서초구,2024,양식음식점,508,57,11.22
서초구,2024,일식음식점,387,46,11.89
서초구,2024,중식음식점,250,25,10.0
서초구,2024,치킨전문점,348,40,11.49
서초구,2024,커피-음료,1103,117,10.61
서초구,2024,한식음식점,2817,262,9.3
성동구,2019,분식전문점,207,19,9.18
성동구,2019,양식음식점,282,19,6.74
성동구,2019,일식음식점,184,18,9.78
성동구,2019,중식음식점,114,8,7.02
성동구,2019,치킨전문점,330,38,11.52
성동구,2019,커피-음료,427,53,12.41
성동구,2019,한식음식점,1806,124,6.87
성동구,2020,분식전문점,197,27,13.71
성동구,2020,양식음식점,324,44,13.58
성동구,2020,일식음식점,193,21,10.88
성동구,2020,중식음식점,119,8,6.72
성동구,2020,치킨전문점,309,29,9.39
성동구,2020,커피-음료,471,59,12.53
성동구,2020,한식음식점,1897,138,7.27
성동구,2021,분식전문점,182,23,12.64
성동구,2021,양식음식점,343,37,10.79
성동구,2021,일식음식점,199,20,10.05
성동구,2021,중식음식점,122,11,9.02
성동구,2021,치킨전문점,301,33,10.96
성동구,2021,커피-음료,497,67,13.48
성동구,2021,한식음식점,1894,198,10.45
성동구,2022,분식전문점,167,25,14.97
성동구,2022,양식음식점,346,44,12.72
성동구,2022,일식음식점,199,18,9.05
성동구,2022,중식음식점,117,12,10.26
성동구,2022,치킨전문점,276,31,11.23
성동구,2022,커피-음료,514,78,15.18
성동구,2022,한식음식점,1799,223,12.4
성동구,2023,분식전문점,160,17,10.62
성동구,2023,양식음식점,339,35,10.32
성동구,2023,일식음식점,197,17,8.63
성동구,2023,중식음식점,114,4,3.51
성동구,2023,치킨전문점,258,18,6.98
성동구,2023,커피-음료,511,55,10.76
성동구,2023,한식음식점,1686,123,7.3
성동구,2024,분식전문점,159,22,13.84
성동구,2024,양식음식점,329,43,13.07
성동구,2024,일식음식점,199,12,6.03
성동구,2024,중식음식점,113,14,12.39
성동구,2024,치킨전문점,252,22,8.73
성동구,2024,커피-음료,518,82,15.83
성동구,2024,한식음식점,1693,96,5.67
성북구,2019,분식전문점,271,22,8.12
성북구,2019,양식음식점,206,22,10.68
성북구,2019,일식음식점,138,15,10.87
성북구,2019,중식음식점,133,7,5.26
성북구,2019,치킨전문점,364,26,7.14
성북구,2019,커피-음료,490,47,9.59
성북구,2019,한식음식점,1701,136,8.0
성북구,2020,분식전문점,267,31,11.61
성북구,2020,양식음식점,211,18,8.53
성북구,2020,일식음식점,136,14,10.29
성북구,2020,중식음식점,136,10,7.35
성북구,2020,치킨전문점,381,44,11.55
성북구,2020,커피-음료,526,43,8.17
성북구,2020,한식음식점,1733,148,8.54
성북구,2021,분식전문점,242,18,7.44
성북구,2021,양식음식점,206,27,13.11
성북구,2021,일식음식점,145,15,10.34
성북구,2021,중식음식점,140,11,7.86
성북구,2021,치킨전문점,376,36,9.57
성북구,2021,커피-음료,560,45,8.04
성북구,2021,한식음식점,1725,123,7.13
성북구,2022,분식전문점,230,21,9.13
성북구,2022,양식음식점,200,21,10.5
성북구,2022,일식음식점,159,12,7.55
성북구,2022,중식음식점,143,13,9.09
성북구,2022,치킨전문점,370,20,5.41
성북구,2022,커피-음료,601,50,8.32
성북구,2022,한식음식점,1734,112,6.46
성북구,2023,분식전문점,212,24,11.32
성북구,2023,양식음식점,190,20,10.53
성북구,2023,일식음식점,176,19,10.8
성북구,2023,중식음식점,147,12,8.16
성북구,2023,치킨전문점,378,38,10.05
성북구,2023,커피-음료,633,88,13.9
성북구,2023,한식음식점,1775,172,9.69
성북구,2024,분식전문점,191,16,8.38
성북구,2024,양식음식점,194,23,11.86
성북구,2024,일식음식점,184,30,16.3
성북구,2024,중식음식점,154,12,7.79
성북구,2024,치킨전문점,369,39,10.57
성북구,2024,커피-음료,613,73,11.91
성북구,2024,한식음식점,1789,134,7.49
송파구,2019,분식전문점,590,55,9.32
송파구,2019,양식음식점,320,32,10.0
송파구,2019,일식음식점,356,38,10.67
송파구,2019,중식음식점,205,16,7.8
송파구,2019,치킨전문점,438,45,10.27
송파구,2019,커피-음료,528,61,11.55
송파구,2019,한식음식점,3329,293,8.8
송파구,2020,분식전문점,589,40,6.79
송파구,2020,양식음식점,342,36,10.53
송파구,2020,일식음식점,369,34,9.21
송파구,2020,중식음식점,214,13,6.07
송파구,2020,치킨전문점,463,43,9.29
송파구,2020,커피-음료,640,63,9.84
송파구,2020,한식음식점,3398,261,7.68
송파구,2021,분식전문점,600,52,8.67
송파구,2021,양식음식점,379,31,8.18
송파구,2021,일식음식점,411,35,8.52
송파구,2021,중식음식점,231,26,11.26
송파구,2021,치킨전문점,466,52,11.16
송파구,2021,커피-음료,773,90,11.64
송파구,2021,한식음식점,3440,300,8.72
송파구,2022,분식전문점,584,56,9.59
송파구,2022,양식음식점,395,40,10.13
송파구,2022,일식음식점,443,39,8.8
송파구,2022,중식음식점,241,22,9.13
송파구,2022,치킨전문점,448,54,12.05
송파구,2022,커피-음료,892,104,11.66
송파구,2022,한식음식점,3415,307,8.99
송파구,2023,분식전문점,578,53,9.17
송파구,2023,양식음식점,417,43,10.31
송파구,2023,일식음식점,484,50,10.33
송파구,2023,중식음식점,244,25,10.25
송파구,2023,치킨전문점,447,39,8.72
송파구,2023,커피-음료,971,123,12.67
송파구,2023,한식음식점,3481,336,9.65
송파구,2024,분식전문점,571,57,9.98
송파구,2024,양식음식점,423,71,16.78
송파구,2024,일식음식점,500,64,12.8
송파구,2024,중식음식점,240,21,8.75
송파구,2024,치킨전문점,454,58,12.78
송파구,2024,커피-음료,995,149,14.97
송파구,2024,한식음식점,3521,379,10.76
양천구,2019,분식전문점,274,25,9.12
양천구,2019,양식음식점,88,8,9.09
양천구,2019,일식음식점,144,24,16.67
양천구,2019,중식음식점,126,11,8.73
양천구,2019,치킨전문점,496,58,11.69
양천구,2019,커피-음료,445,57,12.81
양천구,2019,한식음식점,1454,141,9.7
양천구,2020,분식전문점,276,27,9.78
양천구,2020,양식음식점,85,12,14.12
양천구,2020,일식음식점,134,14,10.45
양천구,2020,중식음식점,122,6,4.92
양천구,2020,치킨전문점,468,53,11.32
양천구,2020,커피-음료,460,47,10.22
양천구,2020,한식음식점,1412,129,9.14
양천구,2021,분식전문점,278,39,14.03
양천구,2021,양식음식점,91,12,13.19
양천구,2021,일식음식점,138,21,15.22
양천구,2021,중식음식점,137,18,13.14
양천구,2021,치킨전문점,452,51,11.28
양천구,2021,커피-음료,514,86,16.73
양천구,2021,한식음식점,1419,164,11.56
양천구,2022,분식전문점,259,29,11.2
양천구,2022,양식음식점,114,17,14.91
양천구,2022,일식음식점,136,5,3.68
양천구,2022,중식음식점,136,13,9.56
양천구,2022,치킨전문점,432,35,8.1
양천구,2022,커피-음료,516,70,13.57
양천구,2022,한식음식점,1353,125,9.24
양천구,2023,분식전문점,258,31,12.02
양천구,2023,양식음식점,117,15,12.82
양천구,2023,일식음식점,147,22,14.97
양천구,2023,중식음식점,144,16,11.11
양천구,2023,치킨전문점,424,50,11.79
양천구,2023,커피-음료,537,98,18.25
양천구,2023,한식음식점,1329,126,9.48
양천구,2024,분식전문점,246,36,14.63
양천구,2024,양식음식점,111,18,16.22
양천구,2024,일식음식점,149,23,15.44
양천구,2024,중식음식점,138,13,9.42
양천구,2024,치킨전문점,400,41,10.25
양천구,2024,커피-음료,476,78,16.39
양천구,2024,한식음식점,1340,140,10.45
영등포구,2019,분식전문점,647,79,12.21
영등포구,2019,양식음식점,338,44,13.02
영등포구,2019,일식음식점,350,38,10.86
영등포구,2019,중식음식점,555,59,10.63
영등포구,2019,치킨전문점,692,95,13.73
영등포구,2019,커피-음료,846,94,11.11
영등포구,2019,한식음식점,3321,391,11.77
영등포구,2020,분식전문점,597,43,7.2
영등포구,2020,양식음식점,328,18,5.49
영등포구,2020,일식음식점,351,28,7.98
영등포구,2020,중식음식점,545,44,8.07
영등포구,2020,치킨전문점,660,65,9.85
영등포구,2020,커피-음료,860,80,9.3
영등포구,2020,한식음식점,3199,202,6.31
영등포구,2021,분식전문점,601,41,6.82
영등포구,2021,양식음식점,362,28,7.73
영등포구,2021,일식음식점,373,19,5.09
영등포구,2021,중식음식점,551,34,6.17
영등포구,2021,치킨전문점,656,51,7.77
영등포구,2021,커피-음료,931,94,10.1
영등포구,2021,한식음식점,3280,215,6.55
영등포구,2022,분식전문점,585,62,10.6
영등포구,2022,양식음식점,362,30,8.29
영등포구,2022,일식음식점,401,28,6.98
영등포구,2022,중식음식점,580,28,4.83
영등포구,2022,치킨전문점,645,45,6.98
영등포구,2022,커피-음료,911,97,10.65
영등포구,2022,한식음식점,3321,283,8.52
영등포구,2023,분식전문점,549,80,14.57
영등포구,2023,양식음식점,378,40,10.58
영등포구,2023,일식음식점,434,48,11.06
영등포구,2023,중식음식점,608,72,11.84
영등포구,2023,치킨전문점,651,86,13.21
영등포구,2023,커피-음료,907,108,11.91
영등포구,2023,한식음식점,3364,351,10.43
영등포구,2024,분식전문점,500,34,6.8
영등포구,2024,양식음식점,371,42,11.32
영등포구,2024,일식음식점,443,47,10.61
영등포구,2024,중식음식점,583,44,7.55
영등포구,2024,치킨전문점,608,39,6.41
영등포구,2024,커피-음료,893,108,12.09
영등포구,2024,한식음식점,3349,273,8.15
용산구,2019,분식전문점,302,20,6.62
용산구,2019,양식음식점,761,69,9.07
용산구,2019,일식음식점,243,19,7.82
용산구,2019,중식음식점,141,7,4.96
용산구,2019,치킨전문점,241,16,6.64
용산구,2019,커피-음료,446,50,11.21
용산구,2019,한식음식점,1550,97,6.26
용산구,2020,분식전문점,299,18,6.02
용산구,2020,양식음식점,860,83,9.65
용산구,2020,일식음식점,256,21,8.2
용산구,2020,중식음식점,144,9,6.25
용산구,2020,치킨전문점,247,20,8.1
용산구,2020,커피-음료,469,49,10.45
용산구,2020,한식음식점,1608,103,6.41
용산구,2021,분식전문점,297,26,8.75
용산구,2021,양식음식점,914,89,9.74
용산구,2021,일식음식점,258,16,6.2
용산구,2021,중식음식점,144,6,4.17
용산구,2021,치킨전문점,234,22,9.4
용산구,2021,커피-음료,492,65,13.21
용산구,2021,한식음식점,1640,119,7.26
용산구,2022,분식전문점,277,13,4.69
용산구,2022,양식음식점,962,75,7.8
용산구,2022,일식음식점,278,18,6.47
용산구,2022,중식음식점,145,5,3.45
용산구,2022,치킨전문점,216,13,6.02
용산구,2022,커피-음료,510,48,9.41
용산구,2022,한식음식점,1651,96,5.81
용산구,2023,분식전문점,269,29,10.78
용산구,2023,양식음식점,952,70,7.35
용산구,2023,일식음식점,303,19,6.27
용산구,2023,중식음식점,155,5,3.23
용산구,2023,치킨전문점,213,12,5.63
용산구,2023,커피-음료,559,76,13.6
용산구,2023,한식음식점,1704,106,6.22
용산구,2024,분식전문점,255,21,8.24
용산구,2024,양식음식점,964,89,9.23
용산구,2024,일식음식점,322,24,7.45
용산구,2024,중식음식점,153,12,7.84
용산구,2024,치킨전문점,203,18,8.87
용산구,2024,커피-음료,518,61,11.78
용산구,2024,한식음식점,1768,127,7.18
은평구,2019,분식전문점,304,54,17.76
은평구,2019,양식음식점,129,18,13.95
은평구,2019,일식음식점,178,20,11.24
은평구,2019,중식음식점,121,10,8.26
은평구,2019,치킨전문점,553,67,12.12
은평구,2019,커피-음료,421,66,15.68
은평구,2019,한식음식점,2035,231,11.35
은평구,2020,분식전문점,286,30,10.49
은평구,2020,양식음식점,131,9,6.87
은평구,2020,일식음식점,178,24,13.48
은평구,2020,중식음식점,122,12,9.84
은평구,2020,치킨전문점,541,62,11.46
은평구,2020,커피-음료,438,48,10.96
은평구,2020,한식음식점,2046,187,9.14
은평구,2021,분식전문점,278,21,7.55
은평구,2021,양식음식점,142,9,6.34
은평구,2021,일식음식점,173,16,9.25
은평구,2021,중식음식점,126,8,6.35
은평구,2021,치킨전문점,509,43,8.45
은평구,2021,커피-음료,460,51,11.09
은평구,2021,한식음식점,2129,180,8.45
은평구,2022,분식전문점,257,19,7.39
은평구,2022,양식음식점,139,9,6.47
은평구,2022,일식음식점,161,20,12.42
은평구,2022,중식음식점,125,14,11.2
은평구,2022,치킨전문점,478,41,8.58
은평구,2022,커피-음료,448,55,12.28
은평구,2022,한식음식점,2277,207,9.09
은평구,2023,분식전문점,250,29,11.6
은평구,2023,양식음식점,146,18,12.33
은평구,2023,일식음식점,155,12,7.74
은평구,2023,중식음식점,127,11,8.66
은평구,2023,치킨전문점,449,44,9.8
은평구,2023,커피-음료,429,56,13.05
은평구,2023,한식음식점,2359,263,11.15
은평구,2024,분식전문점,260,18,6.92
은평구,2024,양식음식점,138,15,10.87
은평구,2024,일식음식점,163,13,7.98
은평구,2024,중식음식점,123,13,10.57
은평구,2024,치킨전문점,418,30,7.18
은평구,2024,커피-음료,421,92,21.85
은평구,2024,한식음식점,2346,240,10.23
종로구,2019,분식전문점,719,18,2.5
종로구,2019,양식음식점,1035,61,5.89
종로구,2019,일식음식점,293,18,6.14
종로구,2019,중식음식점,181,8,4.42
종로구,2019,치킨전문점,248,11,4.44
종로구,2019,커피-음료,821,72,8.77
종로구,2019,한식음식점,3159,148,4.69
종로구,2020,분식전문점,708,29,4.1
종로구,2020,양식음식점,991,60,6.05
종로구,2020,일식음식점,281,19,6.76
종로구,2020,중식음식점,181,10,5.52
종로구,2020,치킨전문점,252,10,3.97
종로구,2020,커피-음료,795,74,9.31
종로구,2020,한식음식점,3074,183,5.95
종로구,2021,분식전문점,693,34,4.91
종로구,2021,양식음식점,958,56,5.85
종로구,2021,일식음식점,275,18,6.55
종로구,2021,중식음식점,177,8,4.52
종로구,2021,치킨전문점,253,5,1.98
종로구,2021,커피-음료,774,63,8.14
종로구,2021,한식음식점,2989,155,5.19
종로구,2022,분식전문점,663,21,3.17
종로구,2022,양식음식점,942,45,4.78
종로구,2022,일식음식점,288,12,4.17
종로구,2022,중식음식점,184,10,5.43
종로구,2022,치킨전문점,267,15,5.62
종로구,2022,커피-음료,793,51,6.43
종로구,2022,한식음식점,2947,97,3.29
종로구,2023,분식전문점,658,27,4.1
종로구,2023,양식음식점,947,38,4.01
종로구,2023,일식음식점,298,11,3.69
종로구,2023,중식음식점,185,12,6.49
종로구,2023,치킨전문점,267,14,5.24
종로구,2023,커피-음료,826,63,7.63
종로구,2023,한식음식점,2991,122,4.08
종로구,2024,분식전문점,636,90,14.15
종로구,2024,양식음식점,938,142,15.14
종로구,2024,일식음식점,307,33,10.75
종로구,2024,중식음식점,177,31,17.51
종로구,2024,치킨전문점,262,42,16.03
종로구,2024,커피-음료,831,94,11.31
종로구,2024,한식음식점,3016,353,11.7
중구,2019,분식전문점,606,33,5.45
중구,2019,양식음식점,559,32,5.72
중구,2019,일식음식점,379,22,5.8
중구,2019,중식음식점,246,20,8.13
중구,2019,치킨전문점,279,15,5.38
중구,2019,커피-음료,931,84,9.02
중구,2019,한식음식점,2893,137,4.74
중구,2020,분식전문점,605,29,4.79
중구,2020,양식음식점,562,32,5.69
중구,2020,일식음식점,386,33,8.55
중구,2020,중식음식점,243,22,9.05
중구,2020,치킨전문점,283,20,7.07
중구,2020,커피-음료,956,86,9.0
중구,2020,한식음식점,2898,158,5.45
중구,2021,분식전문점,606,35,5.78
중구,2021,양식음식점,557,24,4.31
중구,2021,일식음식점,377,28,7.43
중구,2021,중식음식점,238,17,7.14
중구,2021,치킨전문점,281,25,8.9
중구,2021,커피-음료,967,94,9.72
중구,2021,한식음식점,2874,150,5.22
중구,2022,분식전문점,582,33,5.67
중구,2022,양식음식점,570,39,6.84
중구,2022,일식음식점,379,27,7.12
중구,2022,중식음식점,248,24,9.68
중구,2022,치킨전문점,273,18,6.59
중구,2022,커피-음료,982,84,8.55
중구,2022,한식음식점,2861,161,5.63
중구,2023,분식전문점,574,99,17.25
중구,2023,양식음식점,584,74,12.67
중구,2023,일식음식점,395,41,10.38
중구,2023,중식음식점,261,29,11.11
중구,2023,치킨전문점,271,31,11.44
중구,2023,커피-음료,999,99,9.91
중구,2023,한식음식점,2888,364,12.6
중구,2024,분식전문점,494,25,5.06
중구,2024,양식음식점,530,30,5.66
중구,2024,일식음식점,394,27,6.85
중구,2024,중식음식점,246,19,7.72
중구,2024,치킨전문점,257,11,4.28
중구,2024,커피-음료,1004,106,10.56
중구,2024,한식음식점,2720,113,4.15
중랑구,2019,분식전문점,322,31,9.63
중랑구,2019,양식음식점,65,6,9.23
중랑구,2019,일식음식점,113,10,8.85
중랑구,2019,중식음식점,95,8,8.42
중랑구,2019,치킨전문점,624,41,6.57
중랑구,2019,커피-음료,319,32,10.03
중랑구,2019,한식음식점,1423,120,8.43
중랑구,2020,분식전문점,316,24,7.59
중랑구,2020,양식음식점,69,8,11.59
중랑구,2020,일식음식점,115,9,7.83
중랑구,2020,중식음식점,99,5,5.05
중랑구,2020,치킨전문점,628,41,6.53
중랑구,2020,커피-음료,360,35,9.72
중랑구,2020,한식음식점,1409,133,9.44
중랑구,2021,분식전문점,331,26,7.85
중랑구,2021,양식음식점,80,7,8.75
중랑구,2021,일식음식점,128,5,3.91
중랑구,2021,중식음식점,103,7,6.8
중랑구,2021,치킨전문점,630,46,7.3
중랑구,2021,커피-음료,409,46,11.25
중랑구,2021,한식음식점,1378,148,10.74
중랑구,2022,분식전문점,328,33,10.06
중랑구,2022,양식음식점,83,12,14.46
중랑구,2022,일식음식점,148,11,7.43
중랑구,2022,중식음식점,108,9,8.33
중랑구,2022,치킨전문점,618,49,7.93
중랑구,2022,커피-음료,435,60,13.79
중랑구,2022,한식음식점,1314,143,10.88
중랑구,2023,분식전문점,313,26,8.31
중랑구,2023,양식음식점,83,5,6.02
중랑구,2023,일식음식점,154,15,9.74
중랑구,2023,중식음식점,115,5,4.35
중랑구,2023,치킨전문점,609,40,6.57
중랑구,2023,커피-음료,433,63,14.55
중랑구,2023,한식음식점,1263,134,10.61
중랑구,2024,분식전문점,303,19,6.27
중랑구,2024,양식음식점,88,9,10.23
중랑구,2024,일식음식점,150,13,8.67
중랑구,2024,중식음식점,120,12,10.0
중랑구,2024,치킨전문점,596,27,4.53
중랑구,2024,커피-음료,401,41,10.22
중랑구,2024,한식음식점,1218,121,9.93
